Age,Gender,Name,Type,_id
2 years,Male,Simba,Lion,6073bd2ce06ca64f5c8d5855
1 year,Female,Nala,Lion,6073bd2ce06ca64f5c8d5856
4 years,Female,Alex,Lion,6073bd2ce06ca64f5c8d5857
4 years,Male,Rafiki,Lion,6073bd2ce06ca64f5c8d5858
15 years,Male,Melvin,Giraffe,6073bd2ce06ca64f5c8d5859
2 years,Male,Geoffrey,Giraffe,6073bd2ce06ca64f5c8d585a
13 years,Female,April,Giraffe,6073bd2ce06ca64f5c8d585b
14 years,Male,Marty,Zebra,6073bd2ce06ca64f5c8d585c
10 years,Male,Zazu,Zebra,6073bd2ce06ca64f5c8d585d
20 years,Male,Willie,Zebra,6073bd2ce06ca64f5c8d585e
20 years,Female,Oreo,Zebra,6073bd2ce06ca64f5c8d585f
12 years,Male,Timon,Meerkat,6073bd2ce06ca64f5c8d5860
12 years,Female,Viper,Meerkat,6073bd2ce06ca64f5c8d5861
6 years,Female,Shenzi,Hyena,6073bd2ce06ca64f5c8d5862
12 years,Male,Koda,Hyena,6073bd2ce06ca64f5c8d5863
11 years,Female,Roxy,Hyena,6073bd2ce06ca64f5c8d5864
7 years,Male,Hunter,Warthog,6073bd2ce06ca64f5c8d5865
12 years,Female,Giselle,Gazelle,6073bd2ce06ca64f5c8d5866
10 years,Female,Ellie,Gazelle,6073bd2ce06ca64f5c8d5867
11 years,Male,Bucky,Gazelle,6073bd2ce06ca64f5c8d5868
5 years,Female,Krishna,Cheetah,6073bd2ce06ca64f5c8d5869
5 years,Male,Jabari,Cheetah,6073bd2ce06ca64f5c8d586a
10 years,Male,Hasani,Cheetah,6073bd2ce06ca64f5c8d586b
11 years,Female,Ambala,Cheetah,6073bd2ce06ca64f5c8d586c
3,,Sarabi,Lion,6073c1264c1d91b9275a0bff