Type,Name,Gender,Age
Lion,Simba,Male,2 years
Lion,Nala,Female,1 year
Lion,Alex,Female,4 years
Lion,Rafiki,Male,4 years
Giraffe,Melvin,Male,15 years
Giraffe,Geoffrey,Male,2 years
Giraffe,April,Female,13 years
Zebra,Marty,Male,14 years
Zebra,Zazu,Male,10 years
Zebra,Willie,Male,20 years
Zebra,Oreo,Female,20 years
Meerkat,Timon,Male,12 years
Meerkat,Viper,Female,12 years
Hyena,Shenzi,Female,6 years
Hyena,Koda,Male,12 years
Hyena,Roxy,Female,11 years
Warthog,Hunter,Male,7 years
Gazelle,Giselle,Female,12 years
Gazelle,Ellie,Female,10 years
Gazelle,Bucky,Male,11 years
Cheetah,Krishna,Female,5 years
Cheetah,Jabari,Male,5 years
Cheetah,Hasani,Male,10 years
Cheetah,Ambala,Female,11 years
